series_number,part_number,item_number,level,title,call_number,object_number,priref,date_string,date_start,date_end,quantity,url,parent_url,number_images,images,description,subjects,topics,people,places
01,11,501,ITEM,"Item 501: Tribune negatives including protest march relating to the Public Service Board and teachers in NSW, model ship, external views of residential property and unidentified portraits of men at meeting, Sydney, NSW, ca. 1970",ON 161/Item 501,1344765,110375221,ca. 1970,1969-01-01 00:00:00,1971-12-31 00:00:00,32 negatives,http://archival.sl.nsw.gov.au/Details/archive/110375221,http://archival.sl.nsw.gov.au/Details/archive/110374753,34,FL4557991|FL4557994|FL4557995|FL4557997|FL4557998|FL4558001|FL4558003|FL4558006|FL4558008|FL4558010|FL4558013|FL4558015|FL4558017|FL4558018|FL4558019|FL4558022|FL4558024|FL4558025|FL4558027|FL4558028|FL4558029|FL4558031|FL4558035|FL4558039|FL4558041|FL4558043|FL4558045|FL4558047|FL4558048|FL4558050|FL4558053|FL4558055|FL4558056|FL4558058,"Includes: Protest march relating to the Public Service Board and teachers in NSW, model ship, external views of residential property and unidentified portraits of men at meeting, Sydney, NSW, ca. 1968",Demonstrations--New South Wales--Sydney.|Teachers--New South Wales--Political activity.|Meetings--New South Wales.,demonstrations|meetings|men|signs|portraits|city & town streets|city & town buildings|teachers,,
01,11,502,ITEM,"Item 502: Tribune negatives including demonstration march relating to teachers and the Public Service Board in NSW, competitors at sports event and two women dressed as clowns bouncing on a trampoline before crowd of spectators, Sydney, ca. 1970",ON 161/Item 502,1344770,110375222,ca. 1970,1969-01-01 00:00:00,1971-12-31 00:00:00,28 negatives,http://archival.sl.nsw.gov.au/Details/archive/110375222,http://archival.sl.nsw.gov.au/Details/archive/110374753,32,FL4560855|FL4560856|FL4560857|FL4560858|FL4560859|FL4560860|FL4560861|FL4560862|FL4560863|FL4560864|FL4560865|FL4560866|FL4560867|FL4560868|FL4560869|FL4560870|FL4560871|FL4560872|FL4560873|FL4560874|FL4560875|FL4560876|FL4560877|FL4560878|FL4560879|FL4560880|FL4560881|FL4560882|FL4560883|FL4560884|FL4560885|FL4560886,"Includes: Demonstration march relating to teachers and the Public Service Board in NSW, competitors at sports event and two women dressed as clowns bouncing on a trampoline before crowd of spectators, Sydney, ca. 1970",Demonstrations--New South Wales--Sydney.|Teachers--New South Wales--Political activity.|Festivals--New South Wales--Sydney.,"sports events|sports carnivals|festivals, celebrations etc.|demonstrations|signs|portraits|trampolines|clowns|running races",,
01,11,503,ITEM,"Item 503: Tribune negatives including spectators and participants at sports carnival and festival, Sydney, NSW, ca. 1970",ON 161/Item 503,1344774,110375223,ca. 1970,1969-01-01 00:00:00,1971-12-31 00:00:00,36 negatives,http://archival.sl.nsw.gov.au/Details/archive/110375223,http://archival.sl.nsw.gov.au/Details/archive/110374753,36,FL4560955|FL4560956|FL4560957|FL4560958|FL4560959|FL4560960|FL4560961|FL4560962|FL4560963|FL4560964|FL4560965|FL4560966|FL4560967|FL4560968|FL4560969|FL4560970|FL4560971|FL4560972|FL4560973|FL4560974|FL4560975|FL4560976|FL4560977|FL4560978|FL4560979|FL4560980|FL4560981|FL4560982|FL4560983|FL4560984|FL4560985|FL4560989|FL4560995|FL4560999|FL4561001|FL4561002,"Includes: Spectators and participants at sports carnival and festival, Sydney, NSW, ca. 1970",Festivals--New South Wales--Sydney.|Sports--Australia.,"sports carnivals|sports events|festivals, celebrations etc.|portraits|men|women|children|children's rides|running races",,
01,11,504,ITEM,"Item 504: Tribune negatives including speakers and audience at meeting, crowds at festival, and Gough Whitlam greeting workers, ca. 1970",ON 161/Item 504,1344775,110375224,ca. 1970,1969-01-01 00:00:00,1971-12-31 00:00:00,35 negatives,http://archival.sl.nsw.gov.au/Details/archive/110375224,http://archival.sl.nsw.gov.au/Details/archive/110374753,35,FL4558619|FL4558627|FL4558629|FL4558630|FL4558632|FL4558633|FL4558635|FL4558637|FL4558640|FL4558642|FL4558644|FL4558645|FL4558646|FL4558648|FL4558651|FL4558652|FL4558654|FL4558655|FL4558659|FL4558661|FL4558663|FL4558664|FL4558666|FL4558668|FL4558670|FL4558672|FL4558673|FL4558675|FL4558676|FL4558678|FL4558680|FL4558684|FL4558685|FL4558688|FL4558690,"Includes: Speakers and audience at meeting, crowds at festival, and Gough Whitlam greeting workers, ca. 1970",Politicians--Australia.|Meetings--New South Wales.,"portraits|men|women|festivals, celebrations etc.|sports carnivals|sports events|public speaking|children|city & town streets|politicians","Whitlam, Gough, 1916-2014",
01,11,505,ITEM,"Item 505: Tribune negatives including demonstration march relating to wage increases for building workers and speakers and audience at meeting in hall, Sydney, ca. 1970",ON 161/Item 505,1344780,110375225,ca. 1970,1969-01-01 00:00:00,1971-12-31 00:00:00,36 negatives,http://archival.sl.nsw.gov.au/Details/archive/110375225,http://archival.sl.nsw.gov.au/Details/archive/110374753,36,FL4559325|FL4559327|FL4559328|FL4559329|FL4559331|FL4559333|FL4559334|FL4559336|FL4559339|FL4559341|FL4559343|FL4559344|FL4559346|FL4559347|FL4559349|FL4559350|FL4559351|FL4559352|FL4559355|FL4559357|FL4559360|FL4559361|FL4559363|FL4559364|FL4559365|FL4559366|FL4559367|FL4559368|FL4559369|FL4559370|FL4559371|FL4559372|FL4559373|FL4559374|FL4559375|FL4559376,"Includes: Demonstration march relating to wage increases for building workers and speakers and audience at meeting in hall, Sydney, ca. 1970",Demonstrations--New South Wales--Sydney.|Wages--New South Wales,public speaking|demonstrations|city & town streets|portraits|signs|groups (people)|people|trade unionists,,
01,11,506,ITEM,"Item 506: Tribune negatives including demonstration march relating to conscription and Australian participation in the Vietnam War, signing of petition and speakers and attendees at meeting in hall, Sydney, ca. 1970",ON 161/Item 506,1344791,110375227,ca. 1970,1969-01-01 00:00:00,1971-12-31 00:00:00,36 negatives,http://archival.sl.nsw.gov.au/Details/archive/110375227,http://archival.sl.nsw.gov.au/Details/archive/110374753,36,FL4562513|FL4562515|FL4562518|FL4562519|FL4562521|FL4562522|FL4562524|FL4562525|FL4562527|FL4562529|FL4562530|FL4562532|FL4562533|FL4562535|FL4562536|FL4562537|FL4562539|FL4562540|FL4562542|FL4562544|FL4562546|FL4562547|FL4562549|FL4562551|FL4562554|FL4562555|FL4562557|FL4562558|FL4562561|FL4562562|FL4562564|FL4562566|FL4562567|FL4562569|FL4562571|FL4562572,"Includes: Demonstration march relating to conscription and Australian participation in the Vietnam War, signing of petition and speakers and attendees at meeting in hall, Sydney, ca. 1970","Vietnam War, 1961-1975--Protest movements--New South Wales--Sydney|Anti-war demonstrations--New South Wales--Sydney.|Meetings--New South Wales.",portraits|demonstrations|petitions|signs|public speaking|meetings|orators,,
01,11,507,ITEM,"Item 507: Tribune negatives including demonstration march relating to conscription and Australian participation in the Vietnam war, ca. 1970",ON 161/Item 507,1344794,110375228,ca. 1970,1969-01-01 00:00:00,1971-12-31 00:00:00,36 negatives,http://archival.sl.nsw.gov.au/Details/archive/110375228,http://archival.sl.nsw.gov.au/Details/archive/110374753,36,FL4560414|FL4560420|FL4560423|FL4560424|FL4560425|FL4560426|FL4560428|FL4560430|FL4560432|FL4560435|FL4560438|FL4560440|FL4560442|FL4560443|FL4560445|FL4560446|FL4560448|FL4560449|FL4560452|FL4560453|FL4560454|FL4560455|FL4560456|FL4560457|FL4560458|FL4560459|FL4560460|FL4560461|FL4560462|FL4560463|FL4560464|FL4560465|FL4560466|FL4560467|FL4560468|FL4560469,"Includes: Demonstration march relating to conscription and Australian participation in the Vietnam war, ca. 1970","Anti-war demonstrations--New South Wales--Sydney.|Vietnam War, 1961-1975--Protest movements--New South Wales--Sydney",demonstrations|groups (people)|people|city & town streets|petitions|portraits|signs|banners|civil & political rights,,
01,11,508,ITEM,"Item 508: Tribune negatives including protest march relating to wage conditions and Australian participation in the Vietnam War, Sydney, NSW, ca. 1970",ON 161/Item 508,1344797,110375229,ca. 1970,1969-01-01 00:00:00,1971-12-31 00:00:00,36 negatives,http://archival.sl.nsw.gov.au/Details/archive/110375229,http://archival.sl.nsw.gov.au/Details/archive/110374753,36,FL4562279|FL4562293|FL4562294|FL4562296|FL4562299|FL4562301|FL4562304|FL4562305|FL4562307|FL4562308|FL4562309|FL4562311|FL4562313|FL4562314|FL4562315|FL4562316|FL4562317|FL4562319|FL4562322|FL4562325|FL4562328|FL4562330|FL4562332|FL4562334|FL4562338|FL4562339|FL4562340|FL4562343|FL4562344|FL4562346|FL4562348|FL4562349|FL4562350|FL4562352|FL4562354|FL4562359,"Includes: Protest march relating to wage conditions and Australian participation in the Vietnam War, Sydney, NSW, ca. 1970","Anti-war demonstrations--New South Wales--Sydney.|Vietnam War, 1961-1975--Protest movements--New South Wales--Sydney|Trade-unions--New South Wales--Officials and employees.",police|demonstrations|public speaking|civil & political rights|signs|banners|city & town streets|groups (people)|trade unionists,,
01,11,509,ITEM,"Item 509: Tribune negatives including demonstration relating to United States Vice-President Spiro Agnew's visit to Canberra and Australian participation in the Vietnam War, Old Parliament House, Canberra, January 1970",ON 161/Item 509,1344801,110375230,January 1970,1970-01-01 00:00:00,1970-12-31 00:00:00,29 negatives,http://archival.sl.nsw.gov.au/Details/archive/110375230,http://archival.sl.nsw.gov.au/Details/archive/110374753,33,FL4560306|FL4560310|FL4560312|FL4560314|FL4560315|FL4560316|FL4560318|FL4560319|FL4560321|FL4560323|FL4560326|FL4560328|FL4560331|FL4560333|FL4560335|FL4560336|FL4560338|FL4560340|FL4560343|FL4560345|FL4560348|FL4560352|FL4560353|FL4560354|FL4560355|FL4560356|FL4560357|FL4560358|FL4560359|FL4560360|FL4560361|FL4560362|FL4560363,"Includes: Demonstration relating to United States Vice-President Spiro Agnew's visit to Canberra and Australian participation in the Vietnam War, Old Parliament House, Canberra, January 1970","Vietnam War, 1961-1975--Protest movements--Australia.|Demonstrations--Australian Capital Territory--Canberra.",demonstrations|parliamentary buildings|flags|Australian flags|signs|civil & political rights|portraits|police,,
01,11,510,ITEM,"Item 510: Tribune negatives including demonstration and speeches relating to United States Vice-President Spiro Agnew's visit to Canberra and Australian participation in the Vietnam War, Old Parliament House, Canberra, January 1970.",ON 161/Item 510,1344804,110375231,January 1970,1970-01-01 00:00:00,1970-12-31 00:00:00,36 negatives,http://archival.sl.nsw.gov.au/Details/archive/110375231,http://archival.sl.nsw.gov.au/Details/archive/110374753,36,FL4561765|FL4561774|FL4561775|FL4561776|FL4561778|FL4561779|FL4561781|FL4561783|FL4561785|FL4561786|FL4561790|FL4561791|FL4561792|FL4561793|FL4561795|FL4561796|FL4561797|FL4561798|FL4561799|FL4561800|FL4561801|FL4561803|FL4561805|FL4561806|FL4561809|FL4561811|FL4561815|FL4561817|FL4561820|FL4561822|FL4561823|FL4561824|FL4561825|FL4561826|FL4561827|FL4561830,"Original negative sleeve titled: Spiro Agnew U.S. Vice President visit, Canberra.|Includes: Demonstration and speeches relating to United States Vice-President Spiro Agnew's visit to Canberra and Australian participation in the Vietnam War, Old Parliament House, Canberra, January 1970.","Vietnam War, 1961-1975--Protest movements--Australia.|Demonstrations--Australian Capital Territory--Canberra.|Anti-war demonstrations--Australia.",parliamentary buildings|demonstrations|groups (people)|police|flags|signs|portraits|activists,,
01,11,511,ITEM,"Item 511: Tribune negatives including demonstration with protesters being restrained by police, unidentified portraits, marine views and ships at wharf, ca. 1970",ON 161/Item 511,1344805,110375232,ca. 1970,1969-01-01 00:00:00,1971-12-31 00:00:00,30 negatives,http://archival.sl.nsw.gov.au/Details/archive/110375232,http://archival.sl.nsw.gov.au/Details/archive/110374753,33,FL4559203|FL4559206|FL4559208|FL4559210|FL4559212|FL4559213|FL4559214|FL4559216|FL4559218|FL4559221|FL4559223|FL4559224|FL4559226|FL4559227|FL4559228|FL4559229|FL4559231|FL4559234|FL4559235|FL4559237|FL4559239|FL4559241|FL4559242|FL4559244|FL4559245|FL4559247|FL4559249|FL4559251|FL4559253|FL4559254|FL4559256|FL4559257|FL4559258,"Includes: Demonstration with protesters being restrained by police, unidentified portraits, marine views and ships at wharf, ca. 1970",Ships--Maintenance and repair.|Demonstrations--New South Wales--Sydney.,marine & waterway places & structures|vessels (watercraft)|demonstrations|flags|police|activists|portraits|city & town buildings|trade unionists,,
01,11,512,ITEM,"Item 512: Tribune negatives including speakers and audience at protest meeting relating to conscription and the Vietnam War, along with city views and unidentified group portraits of factory workers, Sydney, ca. 1970",ON 161/Item 512,1344806,110375233,ca. 1970,1969-01-01 00:00:00,1971-12-31 00:00:00,35 negatives,http://archival.sl.nsw.gov.au/Details/archive/110375233,http://archival.sl.nsw.gov.au/Details/archive/110374753,35,FL4558543|FL4558548|FL4558551|FL4558553|FL4558555|FL4558557|FL4558558|FL4558559|FL4558561|FL4558562|FL4558565|FL4558566|FL4558568|FL4558570|FL4558571|FL4558572|FL4558574|FL4558576|FL4558578|FL4558580|FL4558583|FL4558585|FL4558588|FL4558590|FL4558592|FL4558594|FL4558596|FL4558598|FL4558601|FL4558603|FL4558604|FL4558606|FL4558609|FL4558610|FL4558612,"Includes: Speakers and audience at protest meeting relating to conscription and the Vietnam War, along with city views and unidentified group portraits of factory workers, Sydney, ca. 1970","Vietnam War, 1961-1975--Protest movements--New South Wales--Sydney|Factories--New South Wales.",public speaking|city & town buildings|city & town views|industrial equipment|signs|portraits|factories|trade unionists,,
01,11,521,ITEM,"Item 521: Tribune negatives including Orientation Week at Sydney University and CARIS demonstration at Drummoyne Swimming Pool, February 1970",ON 161/Item 521,1338219,110374785,February 1970,1970-02-01 00:00:00,1970-02-28 00:00:00,34 negatives,http://archival.sl.nsw.gov.au/Details/archive/110374785,http://archival.sl.nsw.gov.au/Details/archive/110374753,35,FL4563771|FL4563773|FL4563775|FL4563777|FL4563779|FL4563781|FL4563782|FL4563784|FL4563785|FL4563786|FL4563788|FL4563790|FL4563792|FL4563794|FL4563796|FL4563798|FL4563800|FL4563802|FL4563804|FL4563806|FL4563807|FL4563809|FL4563810|FL4563812|FL4563813|FL4563816|FL4563818|FL4563822|FL4563825|FL4563828|FL4563829|FL4563830|FL4563832|FL4563834|FL4563836,"Original negative sleeve titled Syd Uni O-Week|Includes:|Orientation Week at Sydney University, forum on ""Students and Politics"", Rows 1-2.|A scene from New Theatre's next play: "" The Physicists "", Sir Isaac Newton (John Thomson) and Inspector Voss (John Moley), February 1970, Row 3 no. 1-3.|Demonstration with banner saying ""Don't Register"", Row 3 no. 4-6, row 4 no. 1-4.|CARIS demonstration at Drummoyne Swimming Pool regarding proposed tour of the South Africa, February 1970, Row 4 no. 5-6, rows 5-6.",,demonstrations|apartheid|conventions,"University of Sydney|New Theatre (Sydney, N.S.W.)",
01,11,522,ITEM,"Item 522: Tribune negatives including Michelle Ella, a soccer match between Australia and Russia, and various meetings, March 1970",ON 161/Item 522,1338221,110374787,March 1970,1970-01-01 00:00:00,1970-01-31 00:00:00,32 negatives,http://archival.sl.nsw.gov.au/Details/archive/110374787,http://archival.sl.nsw.gov.au/Details/archive/110374753,34,FL4563602|FL4563603|FL4563604|FL4563606|FL4563608|FL4563610|FL4563612|FL4563615|FL4563617|FL4563620|FL4563623|FL4563625|FL4563626|FL4563627|FL4563628|FL4563629|FL4563630|FL4563631|FL4563632|FL4563633|FL4563634|FL4563638|FL4563639|FL4563640|FL4563642|FL4563644|FL4563646|FL4563648|FL4563651|FL4563654|FL4563656|FL4563661|FL4563663|FL4563664,"Includes:|Michelle Ella, a young Filipino girl whose mother and father come under an extradition order by the Minister of Immigration, Mr Lynch, because of the White Australia policy, March 1970.|Tony Ambatielos in conference with National Committee members, March 1970, Row 2 no. 3-4, row 3 no. 1-4.|Soccer match between New South Wales and Moscow Dynamos, March 1970, Row 3 no. 5-6, row 4 no. 1-3.|Meeting regarding equal pay, Row 5.|Unidentified meetings, Row 4 no. 4-6, row 6.",,soccer|meetings|wages,,
01,11,523,ITEM,"Item 523: Tribune negatives including WWF members marching and Vietnam Moratorium press conference, March 1970",ON 161/Item 523,1338224,110374789,March 1970,1970-01-01 00:00:00,1970-12-31 00:00:00,36 negatives,http://archival.sl.nsw.gov.au/Details/archive/110374789,http://archival.sl.nsw.gov.au/Details/archive/110374753,36,FL4571894|FL4571895|FL4571896|FL4571897|FL4571898|FL4571900|FL4571902|FL4571904|FL4571906|FL4571907|FL4571909|FL4571911|FL4571913|FL4571914|FL4571915|FL4571916|FL4571917|FL4571918|FL4571920|FL4571921|FL4571922|FL4571924|FL4571926|FL4571928|FL4571929|FL4571930|FL4571932|FL4571935|FL4571936|FL4571939|FL4571940|FL4571942|FL4571943|FL4571945|FL4571947|FL4571949,"Original negative sleeve titled Viet Moratorium meeting 1970|Includes:|Waterside Workers' Federation members leaving Town Hall meeting and marching to Australia Square, March 1970, Row 2 no. 4-6, rows 3-5|Vietnam Moratorium press conference at the New South Wales Teachers' Federation, March 1970, Row 6",,meetings|demonstrations|banners|press conferences,Waterside Workers' Federation of Australia|Vietnam Moratorium Campaign (Australia),"Sydney Town Hall (Sydney, N.S.W.)"
01,11,524,ITEM,"Item 524: Tribune negatives including Sydney District Conference of the CPA and demonstrations at the South African Airways office and Wynyard Park, March 1970",ON 161/Item 524,1338225,110374790,March 1970,1970-01-01 00:00:00,1970-12-31 00:00:00,33 negatives,http://archival.sl.nsw.gov.au/Details/archive/110374790,http://archival.sl.nsw.gov.au/Details/archive/110374753,35,FL4568612|FL4568614|FL4568615|FL4568617|FL4568618|FL4568620|FL4568622|FL4568624|FL4568629|FL4568632|FL4568633|FL4568635|FL4568637|FL4568638|FL4568639|FL4568641|FL4568642|FL4568644|FL4568646|FL4568647|FL4568649|FL4568651|FL4568653|FL4568655|FL4568657|FL4568660|FL4568662|FL4568664|FL4568665|FL4568667|FL4568669|FL4568671|FL4568673|FL4568675|FL4568677,"Original negative sleeve titled Building [indecipherable] ? 1970?|Includes:|Sydney District Conference of the Communist Party of Australia, 13-15 March 1970, Rows 1-2.|BM/BS Soc. members of Byrne and Davidson Private Limited of Revesby at organizing meeting to attempt ""workers' control"" co-operative. BLF members at Trades Hall meeting regarding Margins claims, March 1970.|Demonstrations occupying the South African Airways office and debating with the staff to mark the 10th anniversary of the Sharpeville murders. Demonstration at Wynyard Park; Town Hall meeting and vigil at South African office to protest against apartheid and Sharpeville murders, March 1970, Row 5 no. 4-6, Row 6.",,conventions|meetings|demonstrations|apartheid,Communist Party of Australia,
01,11,525,ITEM,"Item 525: Tribune negatives including demonstrations at the South African Airways office and Wynyard Park, March 1970",ON 161/Item 525,1338228,110374793,March 1970,1970-01-01 00:00:00,1970-12-31 00:00:00,30 negatives,http://archival.sl.nsw.gov.au/Details/archive/110374793,http://archival.sl.nsw.gov.au/Details/archive/110374753,30,FL4578718|FL4578719|FL4578721|FL4578725|FL4578727|FL4578736|FL4578737|FL4578738|FL4578740|FL4578743|FL4578746|FL4578750|FL4578752|FL4578755|FL4578757|FL4578758|FL4578759|FL4578760|FL4578764|FL4578765|FL4578773|FL4578778|FL4578779|FL4578780|FL4578782|FL4578785|FL4578786|FL4578787|FL4578788|FL4578789,"Includes:|Demonstrations at the South African Airways office and Wynyard Park, and Town Hall meeting and vigil to protest against apartheid and to mark the 10th anniversary of the Sharpeville murders, March 1970, Rows 1-5.|Speakers at unidentified event, Row 6.",,apartheid|meetings|demonstrations,,
01,11,526,ITEM,"Item 526: Tribune negatives including wharf labourers meetings, BWIU May Queen and Liquor Trades' Union officials, March 1970",ON 161/Item 526,1338229,110374794,March 1970,1970-01-01 00:00:00,1970-12-31 00:00:00,31 negatives,http://archival.sl.nsw.gov.au/Details/archive/110374794,http://archival.sl.nsw.gov.au/Details/archive/110374753,34,FL4570902|FL4570906|FL4570908|FL4570911|FL4570913|FL4570915|FL4570916|FL4570920|FL4570921|FL4570922|FL4570924|FL4570927|FL4570928|FL4570929|FL4570931|FL4570932|FL4570934|FL4570935|FL4570936|FL4570939|FL4570941|FL4570946|FL4570947|FL4570949|FL4570950|FL4570951|FL4570953|FL4570955|FL4570956|FL4570957|FL4570959|FL4570961|FL4570963|FL4570964,"Includes:|Wharf labourers holding a meeting at AGM, Waterloo. Terry Hickman speaking. Paula Cauchi, 19 years old BWIU May Queen candidate. Deserted wharf at Walsh Bay. Wharf labourers at No. 4 Circular Quay. Liquor Trades' Union Officials, March 1970, Rows 1-6.",,meetings|wharf labourers|jetties & wharves|ships,Building Workers' Industrial Union of Australia.,Walsh Bay (N.S.W.)|Circular Quay No. 4
01,11,527,ITEM,"Item 527: Tribune negatives including Queen Elizabeth and Prince Phillip at Mascot Airport, Vietnam rally and SRC meeting at Sydney University, March-April 1970",ON 161/Item 527,1341982,110374800,March-April 1970,1970-03-01 00:00:00,1970-04-30 00:00:00,24 negatives,http://archival.sl.nsw.gov.au/Details/archive/110374800,http://archival.sl.nsw.gov.au/Details/archive/110374753,29,FL4570102|FL4570103|FL4570106|FL4570107|FL4570109|FL4570111|FL4570112|FL4570114|FL4570117|FL4570121|FL4570122|FL4570125|FL4570127|FL4570130|FL4570132|FL4570134|FL4570137|FL4570140|FL4570144|FL4570146|FL4570148|FL4570150|FL4570153|FL4570156|FL4570159|FL4570164|FL4570166|FL4570168|FL4570170,"Includes:|Queen Elizabeth and Prince Philip at Mascot Airport. German author Stefan Heym at Mascot airport, March 1970, Row 1.|Vietnam rally outside unidentified venue, Row 2 and row 3, no. 1-2.|Portrait photographs of two unidentified men, possibly Liquor Trades Union job delegates Cliff Williams and Harry Reid, at the Trades Hall office, March 1970, Row 3 no. 3-4.|Liquor Trades Union members of David Jones' Elizabeth and Market Street stores in room near the cafeteria, April 1970, Row 4 no. 4-5.|SRC student meeting at Sydney University's Wallace Theatre regarding the penalizing of students over the Victoria Lee case, by court injunctions, April 1970, Row 5 no. 3-4, row 6 no. 1-3.|Hall Greenland and supporters leaving the New South Wales Supreme Court after injunction hearing dismissal, April 1970, Row 6 no. 5-6.",,motorcades|meetings|rallies|public speaking|trade unionists,"Elizabeth II, Queen of Great Britain, 1926-|Philip, Prince, consort of Elizabeth II, Queen of Great Britain, 1921-|Greenland, Hall|University of Sydney",Wallace Theatre
01,11,528,ITEM,"Item 528: Tribune negatives including SRC meeting at Sydney University and Dennis Brutus at the Teachers' Federation, April 1970",ON 161/Item 528,1341987,110374804,April 1970,1970-04-01 00:00:00,1970-04-30 00:00:00,16 negatives,http://archival.sl.nsw.gov.au/Details/archive/110374804,http://archival.sl.nsw.gov.au/Details/archive/110374753,26,FL4572019|FL4572020|FL4572021|FL4572022|FL4572023|FL4572024|FL4572025|FL4572026|FL4572027|FL4572028|FL4572029|FL4572030|FL4572031|FL4572032|FL4572033|FL4572034|FL4572038|FL4572045|FL4572047|FL4572052|FL4572055|FL4572056|FL4572058|FL4572059|FL4572068|FL4572070,"Includes:|SRC student meeting at Sydney University's Wallace Theatre regarding the penalizing of students over the Victoria Lee case, by court injunctions, April 1970, Row 1-3.|Self-portraits of photographer in dark-room, April 1970, Row 4 no. 6, row 5.|Dennis Brutus at the Teachers' Federation, speaking on Racism in Sport, April 1970, Row 6 no. 1-5.|Front lawn Sydney University meeting regarding dismissal of SRC president, April 1970, Row 6 no. 6.",,meetings|public speaking|darkrooms|university students,University of Sydney,Wallace Theatre
01,11,529,ITEM,"Item 529: Tribune negatives including Builders Labourers' Federation meeting, Building Workers Industrial Union picketing and Byrne and Davidson demonstration",ON 161/Item 529,1341990,110374807,March-April 1970,1970-03-01 00:00:00,1970-04-30 00:00:00,36 negatives,http://archival.sl.nsw.gov.au/Details/archive/110374807,http://archival.sl.nsw.gov.au/Details/archive/110374753,36,FL4589511|FL4589516|FL4589517|FL4589518|FL4589519|FL4589520|FL4589521|FL4589522|FL4589523|FL4589524|FL4589526|FL4589528|FL4589530|FL4589532|FL4589533|FL4589534|FL4589535|FL4589536|FL4589537|FL4589538|FL4589540|FL4589542|FL4589544|FL4589548|FL4589549|FL4589551|FL4589559|FL4589560|FL4589561|FL4589562|FL4589563|FL4589564|FL4589565|FL4589566|FL4589567|FL4589568,"Includes:|Builders Labourers' Federation members at Trades Hall meeting regarding Margins claims, March 1970, Row 1, row 2 no. 1-3.|Building Workers Industrial Union and Builders Labourers' Federation picketing building site of Poletti Formwork Company, York Street. Tom Hogan of BLF, April 1970, Rows 2-3.|BM/BS Soc. members of Byrne and Davidson Private Limited of Revesby at organising meeting to attempt ""workers' control"" co-operative, March 1970, Rows 4-6.",,demonstrations|pickets,Australian Builders' Labourers' Federation|Building Workers Industrial Union,"York Street (Sydney, N.S.W.)|Trades Hall (Goulburn Street, Sydney, N.S.W.)"
01,11,530,ITEM,"Item 530: Tribune negatives including miners' meeting and demonstration, February 1970",ON 161/Item 530,1341996,110374813,February 1970,1970-02-01 00:00:00,1970-02-28 00:00:00,27 negatives,http://archival.sl.nsw.gov.au/Details/archive/110374813,http://archival.sl.nsw.gov.au/Details/archive/110374753,32,FL4569571|FL4569574|FL4569576|FL4569579|FL4569581|FL4569582|FL4569586|FL4569588|FL4569590|FL4569593|FL4569596|FL4569599|FL4569602|FL4569603|FL4569605|FL4569607|FL4569609|FL4569611|FL4569616|FL4569618|FL4569620|FL4569623|FL4569625|FL4569627|FL4569628|FL4569633|FL4569635|FL4569637|FL4569643|FL4569644|FL4569646|FL4569647,"Includes:|Miners' meeting and demonstration at Hyde Park and Coal Board Tribunal, February 1970, Rows 1-2.|Unidentified workers with food and beverages in common room, Row 3 no. 1-5.|Unidentified speakers and audience at meeting in hall; audience is sitting on rugs on the floor, Row 4 no. 4-5, row 5.",,meetings|demonstrations,,
01,11,531,ITEM,"Item 531: Tribune negatives including unidentified meetings and lectures, n.d.",ON 161/Item 531,1342001,110374818,,1900-01-01 00:00:00,1900-01-01 00:00:00,33 negatives,http://archival.sl.nsw.gov.au/Details/archive/110374818,http://archival.sl.nsw.gov.au/Details/archive/110374753,34,FL4566224|FL4566225|FL4566226|FL4566227|FL4566228|FL4566232|FL4566233|FL4566234|FL4566235|FL4566237|FL4566239|FL4566241|FL4566242|FL4566243|FL4566244|FL4566246|FL4566247|FL4566250|FL4566252|FL4566259|FL4566263|FL4566265|FL4566267|FL4566270|FL4566271|FL4566273|FL4566275|FL4566277|FL4566279|FL4566280|FL4566281|FL4566283|FL4566286|FL4566288,"Includes:|Speakers and audience from unidentified meeting Rows 1-3.|Speakers at unidentified meeting in front of poster saying ""Lenin 1870-1924"", Row 4 no. 4-5, row 5.",,meetings|audiences,"Lenin, Vladimir Ilich, 1870-1924.",
01,11,532,ITEM,"Item 532: Tribune negatives including demonstration outside Honeywell and meeting on migrant housing, n.d.",ON 161/Item 532,1342003,110374820,,1900-01-01 00:00:00,1900-01-01 00:00:00,36 negatives,http://archival.sl.nsw.gov.au/Details/archive/110374820,http://archival.sl.nsw.gov.au/Details/archive/110374753,36,FL4564140|FL4564143|FL4564144|FL4564146|FL4564148|FL4564150|FL4564151|FL4564153|FL4564154|FL4564156|FL4564157|FL4564159|FL4564161|FL4564163|FL4564164|FL4564166|FL4564169|FL4564171|FL4564174|FL4564176|FL4564177|FL4564179|FL4564181|FL4564183|FL4564185|FL4564187|FL4564189|FL4564190|FL4564193|FL4564196|FL4564200|FL4564205|FL4564209|FL4564215|FL4564217|FL4564220,"Includes:|Demonstration outside Honeywell company, 863 Bourke Street, Waterloo, Row 2, row 3 no. 1-2|Meeting about migrant and Aboriginal housing, Row 3 no. 3-6, rows 4-6.",,meetings|demonstrations,Honeywell Ltd.,"Bourke Street (Waterloo, N.S.W.)"
01,11,533,ITEM,"Item 533: Tribune negatives including meeting and memorial gathering about Aboriginal land rights, n.d.",ON 161/Item 533,1342006,110374823,[n.d.],1970-01-01 00:00:00,1970-12-31 00:00:00,36 negatives,http://archival.sl.nsw.gov.au/Details/archive/110374823,http://archival.sl.nsw.gov.au/Details/archive/110374753,36,FL4567255|FL4567257|FL4567260|FL4567261|FL4567262|FL4567264|FL4567266|FL4567268|FL4567269|FL4567271|FL4567274|FL4567275|FL4567277|FL4567278|FL4567282|FL4567283|FL4567284|FL4567286|FL4567287|FL4567289|FL4567292|FL4567295|FL4567298|FL4567300|FL4567302|FL4567306|FL4567310|FL4567311|FL4567314|FL4567315|FL4567317|FL4567319|FL4567321|FL4567323|FL4567324|FL4567330,"Includes:|Meeting about migrant and Aboriginal housing, Row 1 no. 1-2.|Procession and memorial gathering about indigenous lands, with placards bearing Aboriginal names, Rows 1 no. 3-6, rows 2-6.",,Aboriginal peoples (Australians)|posters & placards|processions|meetings,,
01,11,534,ITEM,"Item 534: Tribune negatives including demonstration against Burns, Philp & Co, and unidentified meetings, n.d.",ON 161/Item 534,1342020,110374835,[n.d.],1970-01-01 00:00:00,1970-12-31 00:00:00,36 negatives,http://archival.sl.nsw.gov.au/Details/archive/110374835,http://archival.sl.nsw.gov.au/Details/archive/110374753,36,FL4565892|FL4565893|FL4565894|FL4565895|FL4565896|FL4565897|FL4565898|FL4565899|FL4565900|FL4565901|FL4565902|FL4565903|FL4565904|FL4565905|FL4565906|FL4565907|FL4565908|FL4565909|FL4565910|FL4565911|FL4565912|FL4565913|FL4565914|FL4565915|FL4565916|FL4565917|FL4565918|FL4565919|FL4565920|FL4565921|FL4565922|FL4565923|FL4565924|FL4565928|FL4565929|FL4565930,"Includes:|Meeting about migrant and Aboriginal housing, Row 1|Demonstration against Burns, Philp & Co, Limited on the deck of the ship Moresby, Row 2, row 3 no. 1-2.|Speakers and audience at unidentified meeting with logo of THA on wall behind, Row 3 no. 3-6, row 4 no. 1-5.|Speakers and audience at unidentified conference, Row 4 no. 6, rows 5-6.",,Aboriginal peoples (Australians)|ships|posters & placards|demonstrations|meetings,"Burns, Philp & Company|Moresby (naval survey vessel)",
01,11,535,ITEM,"Item 535: Tribune negatives including memorial gathering about indigenous lands and Moratorium to End the War in Vietnam, April-May 1970",ON 161/Item 535,1342024,110374838,April-May 1970,1970-04-01 00:00:00,1970-05-10 00:00:00,28 negatives,http://archival.sl.nsw.gov.au/Details/archive/110374838,http://archival.sl.nsw.gov.au/Details/archive/110374753,32,FL4566368|FL4566371|FL4566376|FL4566379|FL4566381|FL4566384|FL4566387|FL4566392|FL4566394|FL4566396|FL4566398|FL4566401|FL4566407|FL4566409|FL4566411|FL4566413|FL4566419|FL4566424|FL4566427|FL4566429|FL4566432|FL4566434|FL4566437|FL4566440|FL4566443|FL4566444|FL4566446|FL4566449|FL4566451|FL4566455|FL4566456|FL4566458,"Original negative sleeve titled: April 1970|Includes:|Speakers and audience at unidentified conference, Row 1-2.|Memorial gathering about indigenous lands, with placards bearing Aboriginal names, Row 3, row 4 no. 1.|Protest march for the Moratorium to End the War in Vietnam, 8-10 May 1970, Row 4 no. 2-6, rows 5-6.",,meetings|Aboriginal peoples (Australians)|demonstrations|posters & placards,,
01,11,536,ITEM,"Item 536: Tribune negatives including Moratorium to End the War in Vietnam, May 1970",ON 161/Item 536,1342025,110374839,Not after 10 May 1970,1970-05-08 00:00:00,1970-05-10 00:00:00,36 negatives,http://archival.sl.nsw.gov.au/Details/archive/110374839,http://archival.sl.nsw.gov.au/Details/archive/110374753,36,FL4563827|FL4563831|FL4563833|FL4563835|FL4563837|FL4563838|FL4563839|FL4563840|FL4563841|FL4563842|FL4563843|FL4563844|FL4563845|FL4563846|FL4563847|FL4563848|FL4563849|FL4563850|FL4563851|FL4563852|FL4563853|FL4563854|FL4563855|FL4563856|FL4563857|FL4563858|FL4563859|FL4563860|FL4563861|FL4563862|FL4563863|FL4563864|FL4563865|FL4563866|FL4563867|FL4563868,"Includes:|Protest march for the Moratorium to End the War in Vietnam, 8-10 May 1970, Rows 1-6.",,demonstrations|posters & placards|banners|processions,,
01,11,537,ITEM,"Item 537: Tribune negatives including Moratorium to End the War in Vietnam, 8-10 May 1970",ON 161/Item 537,1342030,110374843,1970,1970-01-01 00:00:00,1970-12-31 00:00:00,36 negatives,http://archival.sl.nsw.gov.au/Details/archive/110374843,http://archival.sl.nsw.gov.au/Details/archive/110374753,36,FL4564465|FL4564467|FL4564468|FL4564469|FL4564470|FL4564471|FL4564472|FL4564473|FL4564474|FL4564475|FL4564476|FL4564477|FL4564478|FL4564479|FL4564480|FL4564481|FL4564482|FL4564483|FL4564484|FL4564485|FL4564486|FL4564487|FL4564488|FL4564489|FL4564490|FL4564491|FL4564492|FL4564493|FL4564494|FL4564495|FL4564496|FL4564497|FL4564498|FL4564499|FL4564500|FL4564501,"Includes:|Protest march for the Moratorium to End the War in Vietnam, 8-10 May 1970, Rows 1-4, row 5 no. 1-4.|Demonstration outside unidentified building, including signs saying ""stop white peril in Asia"", ""victory for N.L.F"", ""workers students together"", n.d., Row 5 no. 5-6, row 6.",,demonstrations|posters & placards|banners|processions,,
01,11,538,ITEM,"Item 538: Tribune negatives including demonstrations related to the Vietnam War, 1970",ON 161/Item 538,1342031,110374844,1970,1970-01-01 00:00:00,1970-12-31 00:00:00,36 negatives,http://archival.sl.nsw.gov.au/Details/archive/110374844,http://archival.sl.nsw.gov.au/Details/archive/110374753,36,FL4564397|FL4564399|FL4564401|FL4564403|FL4564405|FL4564407|FL4564408|FL4564410|FL4564411|FL4564413|FL4564414|FL4564415|FL4564417|FL4564419|FL4564423|FL4564425|FL4564427|FL4564428|FL4564430|FL4564432|FL4564433|FL4564435|FL4564438|FL4564440|FL4564443|FL4564446|FL4564448|FL4564450|FL4564452|FL4564454|FL4564456|FL4564458|FL4564459|FL4564461|FL4564463|FL4564466,"Includes:|Demonstration outside unidentified building, including signs saying ""victory for N.L.F"", Row 1.|Demonstration for the Vietnam moratorium and memorial of shooting of Kent State University students, including arrest of university student, Rows 2-6.",,demonstrations|posters & placards|arrests|university students,,
01,11,539,ITEM,"Item 539: Tribune negatives including demonstration at University of Sydney, 1970?",ON 161/Item 539,1342035,110374847,1970,1970-01-01 00:00:00,1970-12-31 00:00:00,36 negatives,http://archival.sl.nsw.gov.au/Details/archive/110374847,http://archival.sl.nsw.gov.au/Details/archive/110374753,36,FL4566059|FL4566060|FL4566061|FL4566062|FL4566063|FL4566064|FL4566065|FL4566067|FL4566070|FL4566073|FL4566074|FL4566076|FL4566077|FL4566078|FL4566080|FL4566081|FL4566082|FL4566083|FL4566084|FL4566089|FL4566091|FL4566092|FL4566093|FL4566094|FL4566095|FL4566096|FL4566097|FL4566099|FL4566100|FL4566102|FL4566103|FL4566105|FL4566106|FL4566107|FL4566109|FL4566110,"Includes:|Student arrests in relation to Moratorium to End the War in Vietnam, Row 1 no. 1-4.|Speakers and attendees at unidentified class or lecture, at tables with large books, Row 1 no. 5-6, row 2 no. 1.|Speaker and audience at art gallery, including images of artwork, Row 2 no. 2-6, row 3, row 4 no. 1-2.|Women in black headwear handing out pamphlets in front of poster saying ""New Zealand [indecipherable] United"", Row 4 no. 3-6.|Demonstration with speakers outside Fisher Library and in quadrangle of Sydney University, Rows 5-6.",,arrests|demonstrations|art galleries|art,,University of Sydney (N.S.W.)
01,11,541,ITEM,"Item 541: Tribune negatives including demonstration for Vietnam Moratorium, n.d.",ON 161/Item 541,1342040,110374850,[n.d.],1970-01-01 00:00:00,1972-12-31 00:00:00,27 negatives,http://archival.sl.nsw.gov.au/Details/archive/110374850,http://archival.sl.nsw.gov.au/Details/archive/110374753,32,FL4564022|FL4564023|FL4564024|FL4564025|FL4564026|FL4564027|FL4564028|FL4564029|FL4564030|FL4564031|FL4564032|FL4564033|FL4564034|FL4564035|FL4564036|FL4564037|FL4564038|FL4564039|FL4564040|FL4564041|FL4564042|FL4564043|FL4564044|FL4564045|FL4564046|FL4564047|FL4564048|FL4564049|FL4564050|FL4564051|FL4564052|FL4564053,"Includes:|Demonstration for Vietnam Moratorium through Sydney city streets and park, Rows 16.",,demonstrations|banners,,
01,11,543,ITEM,"Item 543: Tribune negatives including demonstration for Vietnam Moratorium, n.d.",ON 161/Item 543,1342045,110374852,[n.d.],1970-01-01 00:00:00,1972-12-31 00:00:00,36 negatives,http://archival.sl.nsw.gov.au/Details/archive/110374852,http://archival.sl.nsw.gov.au/Details/archive/110374753,36,FL4564246|FL4564248|FL4564250|FL4564252|FL4564254|FL4564256|FL4564257|FL4564259|FL4564262|FL4564263|FL4564265|FL4564267|FL4564270|FL4564271|FL4564272|FL4564274|FL4564275|FL4564277|FL4564278|FL4564281|FL4564283|FL4564285|FL4564287|FL4564290|FL4564291|FL4564294|FL4564296|FL4564298|FL4564302|FL4564304|FL4564306|FL4564308|FL4564309|FL4564311|FL4564314|FL4564315,"Includes:|Demonstration in city streets and speaker addressing audience in unidentified hall for the Vietnam Moratorium, Rows 1-6.",,demonstrations|banners|public speaking,,
01,11,544,ITEM,"Item 544: Tribune negatives including speaker at Vietnam Moratorium, n.d.",ON 161/Item 544,1342053,110374855,[n.d.],1970-01-01 00:00:00,1972-12-31 00:00:00,36 negatives,http://archival.sl.nsw.gov.au/Details/archive/110374855,http://archival.sl.nsw.gov.au/Details/archive/110374753,36,FL4566770|FL4566771|FL4566772|FL4566773|FL4566774|FL4566775|FL4566776|FL4566777|FL4566778|FL4566779|FL4566780|FL4566781|FL4566782|FL4566783|FL4566784|FL4566785|FL4566786|FL4566787|FL4566788|FL4566789|FL4566790|FL4566791|FL4566792|FL4566793|FL4566794|FL4566795|FL4566796|FL4566797|FL4566798|FL4566799|FL4566800|FL4566801|FL4566802|FL4566803|FL4566804|FL4566805,"Includes:|Speaker and performers in skits in unidentified hall for Vietnam Moratorium, Rows 1-2, row 3 no. 1-3.|Portrait photographs of unidentified man, Row 3 no. 3-6, row 4 no. 1-2.|Speaker and audience in grandstand at unidentified event, Row 4 no. 3-6, row 5 no. 1-2.|Photograph of unidentified man at desk with typewriter and magazines, Row 5 no. 3-6, row 6.",,theatrical productions|periodicals|typewriters|public speaking,,
01,11,545,ITEM,"Item 545: Tribune negatives including Builders Labourers Federation strike on building site, and demonstration of the NSW Australian Workers Union, 1970",ON 161/Item 545,1342054,110374856,1970,1970-01-01 00:00:00,1970-12-31 00:00:00,36 negatives,http://archival.sl.nsw.gov.au/Details/archive/110374856,http://archival.sl.nsw.gov.au/Details/archive/110374753,36,FL4565503|FL4565505|FL4565511|FL4565514|FL4565516|FL4565517|FL4565518|FL4565523|FL4565527|FL4565529|FL4565531|FL4565532|FL4565534|FL4565535|FL4565537|FL4565544|FL4565546|FL4565548|FL4565549|FL4565550|FL4565556|FL4565557|FL4565559|FL4565560|FL4565562|FL4565564|FL4565565|FL4565567|FL4565572|FL4565577|FL4565578|FL4565579|FL4565581|FL4565588|FL4565589|FL4565591,"Original negative sleeve titled: Vigilantes, BLF 1970 May + June strike|Includes:|Strike of Builders Labourers Federation, and men in uniforms, on building site of apartment block, May or June 1970, Row 1 no. 2-6, row 6.|Gathering of men in unidentified hall, holding paperwork beside a desk with books and seated in rows of chairs, Row 2 no. 3-6, row 4 no. 1-3.|Speaker and audience in unidentified hall and leaving hall, Row 1 no. 1, row 3 no. 4-6, row 5.|Small demonstration of the NSW branch of the Australian Workers Union in unidentified hall, including placards saying ""NSW branch AWU say hands off elected officials"", ""members say stop the Oliver Twist"", ""hands off McKay, Leen, Barns, Hogan"", Row 4 no. 1-2.",,public speaking|posters & placards|demonstrations|construction sites,Australian Builders' Labourers' Federation|Australian Workers Union. New South Wales Branch,
01,11,546,ITEM,"Item 546: Tribune negatives including strike of Builders Labourers Federation, 1970",ON 161/Item 546,1342057,110374859,1970,1970-01-01 00:00:00,1970-12-31 00:00:00,36 negatives,http://archival.sl.nsw.gov.au/Details/archive/110374859,http://archival.sl.nsw.gov.au/Details/archive/110374753,36,FL4567140|FL4567141|FL4567142|FL4567144|FL4567145|FL4567147|FL4567149|FL4567150|FL4567152|FL4567153|FL4567156|FL4567157|FL4567159|FL4567161|FL4567163|FL4567165|FL4567167|FL4567168|FL4567169|FL4567171|FL4567172|FL4567174|FL4567175|FL4567176|FL4567178|FL4567179|FL4567180|FL4567182|FL4567183|FL4567185|FL4567187|FL4567188|FL4567189|FL4567190|FL4567192|FL4567193,"Original negative sleeve titled: Vigilantes, BLF 1970 May + June strike|Includes:|Strike of Builders Labourers Federation workers at building site of River Towers apartments, with men in uniforms and television crew, May or June 1970, Rows 1-5.|Speaker and audience in unidentified hall, Row 6.",,strikes|meetings|public speaking|building construction|real estate signs|television cameras,Australian Builders' Labourers' Federation,
01,11,547,ITEM,"Item 547: Tribune negatives including Builders Labourers Federation demonstration outside Master Builders' Association of NSW, 1970",ON 161/Item 547,1342060,110374862,1970,1970-01-01 00:00:00,1970-12-31 00:00:00,36 negatives,http://archival.sl.nsw.gov.au/Details/archive/110374862,http://archival.sl.nsw.gov.au/Details/archive/110374753,36,FL4565129|FL4565130|FL4565131|FL4565132|FL4565133|FL4565134|FL4565135|FL4565136|FL4565137|FL4565138|FL4565139|FL4565140|FL4565141|FL4565142|FL4565143|FL4565144|FL4565145|FL4565146|FL4565147|FL4565148|FL4565149|FL4565150|FL4565151|FL4565152|FL4565153|FL4565154|FL4565155|FL4565156|FL4565157|FL4565158|FL4565159|FL4565160|FL4565161|FL4565162|FL4565163|FL4565164,"Original negative sleeve titled: 1970 BL march to M.B.A.|Includes:|Builders Labourers Federation procession and demonstration outside the Master Builders' Association of NSW building, Rows 1-5, row 6 no. 1-2, 1970.|Congregation in unidentified hall, Row 6 no. 3-6.",,demonstrations|police|violence|posters & placards|meetings,Australian Builders' Labourers' Federation|Master Builders' Association of N.S.W.,
01,11,548,ITEM,"Item 548: Tribune negatives including 5th National Conference procession of the Union of Australian Women, n.d.",ON 161/Item 548,1342062,110374864,[n.d.],1970-01-01 00:00:00,1972-12-31 00:00:00,36 negatives,http://archival.sl.nsw.gov.au/Details/archive/110374864,http://archival.sl.nsw.gov.au/Details/archive/110374753,36,FL4565241|FL4565242|FL4565243|FL4565244|FL4565245|FL4565246|FL4565247|FL4565248|FL4565249|FL4565250|FL4565251|FL4565252|FL4565253|FL4565254|FL4565255|FL4565256|FL4565257|FL4565258|FL4565259|FL4565260|FL4565261|FL4565262|FL4565263|FL4565264|FL4565265|FL4565266|FL4565267|FL4565268|FL4565269|FL4565270|FL4565271|FL4565272|FL4565273|FL4565274|FL4565275|FL4565276,"Includes:|Speakers and audience in unidentified hall, Row 1, row 2 no. 1-3.|Exterior of Australian Broadcasting Corporation buildings, Row 2 no. 4-6, row 3 no. 1.|Procession of the Union of Australian Women, 5th National Conference, down street into unidentified park, Row 3, no. 2-6, row 4 no. 1-2.|Speakers and audience on lawn outside Fisher Library at the University of Sydney, Row 4, no. 3-6, row 5 no. 1-5.",,meetings|processions|posters & placards|demonstrations|facades (places),Australian Broadcasting Corporation|Union of Australian Women,University of Sydney Library (N.S.W.)
01,11,549,ITEM,"Item 549: Tribune negatives including various demonstrations, n.d.",ON 161/Item 549,1342065,110374867,[n.d.],1970-01-01 00:00:00,1972-12-31 00:00:00,36 negatives,http://archival.sl.nsw.gov.au/Details/archive/110374867,http://archival.sl.nsw.gov.au/Details/archive/110374753,36,FL4571805|FL4571806|FL4571807|FL4571808|FL4571809|FL4571810|FL4571811|FL4571812|FL4571813|FL4571814|FL4571815|FL4571816|FL4571817|FL4571818|FL4571819|FL4571820|FL4571821|FL4571822|FL4571823|FL4571824|FL4571825|FL4571826|FL4571827|FL4571828|FL4571829|FL4571830|FL4571831|FL4571832|FL4571836|FL4571837|FL4571838|FL4571839|FL4571840|FL4571841|FL4571842|FL4571845,"Includes:|Demonstration over legalization of abortion, Row 1 no. 1-3.|Demonstration and threat of strike over railway workers' pay, Row 1 no. 4-6, row 2, row 3 no. 1-4.|Demonstration outside Ibrox Park Boys' High School, Row 5 no. 4-6, row 6.",,demonstrations|high schools|posters & placards|abortion|railway workers|wages,,
01,11,550,ITEM,"Item 550: Tribune negatives including demonstrations about railway workers' pay, and Fascism, n.d.",ON 161/Item 550,1342070,110374869,1970,1970-01-01 00:00:00,1970-12-31 00:00:00,36 negatives,http://archival.sl.nsw.gov.au/Details/archive/110374869,http://archival.sl.nsw.gov.au/Details/archive/110374753,36,FL4572890|FL4572891|FL4572892|FL4572893|FL4572894|FL4572895|FL4572896|FL4572897|FL4572898|FL4572899|FL4572900|FL4572901|FL4572902|FL4572903|FL4572904|FL4572905|FL4572906|FL4572907|FL4572908|FL4572909|FL4572910|FL4572911|FL4572912|FL4572913|FL4572914|FL4572915|FL4572916|FL4572917|FL4572918|FL4572919|FL4572920|FL4572921|FL4572922|FL4572923|FL4572924|FL4572925,"Includes:|Demonstration over railway workers' pay, Row 1 no. 4-6, rows 2-3, row 4 no. 1-5.|Demonstration about Fascism with police and television crew, Row 5 no. 4-6, row 6.",,demonstrations|posters & placards|police|violence|television cameras|public speaking,,
