call_number,series_number,part_number,level,title,object_number,priref,date_string,date_start,date_end,quantity,url,collection_url,number_children,subjects,people
ON 161/Items 001-050,01,01,SERIES,"Series 01 Part 01: Tribune negatives, items 001-050, ca. 1963-1965",1328047,110366604,ca. 1963-1965,1960-01-01 00:00:00,1969-12-31 00:00:00,1344 negatives,http://archival.sl.nsw.gov.au/Details/archive/110366604,http://archival.sl.nsw.gov.au/Details/archive/110037137,42,,
ON 161/Items 051-100,01,02,SERIES,"Series 01 Part 02: Tribune negatives, items 051-100, between 1965-1966",1328058,110366554,1965-1966,1965-01-01 00:00:00,1966-12-31 00:00:00,1490 negatives,http://archival.sl.nsw.gov.au/Details/archive/110366554,http://archival.sl.nsw.gov.au/Details/archive/110037137,45,,
ON 161/Item 101-150,01,03,SERIES,Series 01 part 03: Tribune negatives items 101-150 featuring social and political movements 1965-1966,1336700,110373897,1965-1966,1965-01-01 00:00:00,1966-12-31 00:00:00,1472 photographs,http://archival.sl.nsw.gov.au/Details/archive/110373897,http://archival.sl.nsw.gov.au/Details/archive/110037137,42,,
ON 161/Item 151-200,01,04,SERIES,Series 01 part 04: Tribune negatives items 151-200 featuring social and political movements 1966-1967,1336720,110374028,1966-1967,1966-01-01 00:00:00,1967-12-31 00:00:00,1703 photographs,http://archival.sl.nsw.gov.au/Details/archive/110374028,http://archival.sl.nsw.gov.au/Details/archive/110037137,49,,
ON 161/Item 201-250,01,05,SERIES,Series 01 part 05: Tribune negatives items  201-250 featuring social and political movements 1965-1967,1336721,110366667,1965-1967,1965-01-01 00:00:00,1967-12-31 00:00:00,1592 photographs,http://archival.sl.nsw.gov.au/Details/archive/110366667,http://archival.sl.nsw.gov.au/Details/archive/110037137,46,,
ON 161/Item 251-300,01,06,SERIES,Series 01 part 06: Tribune negatives items  251-300 featuring social and political movements 1967-1968,1336722,110374463,1967-1968,1967-01-01 00:00:00,1968-12-31 00:00:00,1632 photographs,http://archival.sl.nsw.gov.au/Details/archive/110374463,http://archival.sl.nsw.gov.au/Details/archive/110037137,50,,
ON 161/Item 301-351,01,07,SERIES,Series 01 part 07: Tribune negatives items  301-350 featuring social and political movements ca. 1968,1336723,110374573,1968,1968-01-01 00:00:00,1968-12-31 00:00:00,,http://archival.sl.nsw.gov.au/Details/archive/110374573,http://archival.sl.nsw.gov.au/Details/archive/110037137,48,,
ON 161/Item 351-400,01,08,SERIES,Series 01 part 08: Tribune negatives items  351-400 featuring social and political movements 1964-1972,1336729,110374750,1964-1972,1964-01-01 00:00:00,1972-12-31 00:00:00,,http://archival.sl.nsw.gov.au/Details/archive/110374750,http://archival.sl.nsw.gov.au/Details/archive/110037137,32,"Aboriginal Tent Embassy (Canberra, A.C.T.)|Communists|demonstrations|meetings|Adult Females|Adult Males",Communist Party of Australia
ON 161/Item 401-451,01,09,SERIES,Series 01 part 09: Tribune negatives items 401-451 featuring social and political movements 1964-1972,1336730,110374751,1964-1972,1964-01-01 00:00:00,1972-12-31 00:00:00,,http://archival.sl.nsw.gov.au/Details/archive/110374751,http://archival.sl.nsw.gov.au/Details/archive/110037137,29,,
ON 161/Item 451-500,01,10,SERIES,Series 01 part 10: Tribune negatives items 451-500 featuring social and political movements 1964-1972,1336731,110374752,1964-1972,1964-01-01 00:00:00,1972-12-31 00:00:00,,http://archival.sl.nsw.gov.au/Details/archive/110374752,http://archival.sl.nsw.gov.au/Details/archive/110037137,50,,
ON 161/Item 501-550,01,11,SERIES,Series 01 part 11: Tribune negatives items  501-550 featuring social and political movements 1970,1336733,110374753,1964-1972,1964-01-01 00:00:00,1972-12-31 00:00:00,,http://archival.sl.nsw.gov.au/Details/archive/110374753,http://archival.sl.nsw.gov.au/Details/archive/110037137,40,,
ON 161/Item 551-600,01,12,SERIES,Series 01 part 12: Tribune negatives items  551-600 featuring social and political movements 1964-1972,1336734,110374754,1964-1972,1964-01-01 00:00:00,1972-12-31 00:00:00,,http://archival.sl.nsw.gov.au/Details/archive/110374754,http://archival.sl.nsw.gov.au/Details/archive/110037137,50,,
ON 161/Item 601-650,01,13,SERIES,Series 01 part 13: Tribune negatives items  601-650 featuring social and political movements 1964-1972,1336752,110374766,1964-1972,1964-01-01 00:00:00,1972-12-31 00:00:00,,http://archival.sl.nsw.gov.au/Details/archive/110374766,http://archival.sl.nsw.gov.au/Details/archive/110037137,48,,
ON 161/Item 651-700,01,14,SERIES,Series 01 part 14: Tribune negatives items  651-700 featuring social and political movements around 1972,1336753,110366672,1964-1972,1964-01-01 00:00:00,1972-12-31 00:00:00,,http://archival.sl.nsw.gov.au/Details/archive/110366672,http://archival.sl.nsw.gov.au/Details/archive/110037137,40,,
ON 161/Item 701-739,01,15,SERIES,Series 01 part 15: Tribune negatives items  701-739 featuring social and political movements 1972,1336754,110366677,1972,1972-01-01 00:00:00,1972-12-31 00:00:00,,http://archival.sl.nsw.gov.au/Details/archive/110366677,http://archival.sl.nsw.gov.au/Details/archive/110037137,29,,
ON 160/Items 0001-0050,02,01,SERIES,"Series 02 Part 01: Tribune negatives, Items 0001-0050, 1974-1977",1045554,110368842,1974-1977,1974-01-01 00:00:00,1977-12-31 00:00:00,1676 negatives,http://archival.sl.nsw.gov.au/Details/archive/110368842,http://archival.sl.nsw.gov.au/Details/archive/110037137,50,,
ON 160/Items 0051-0100,02,02,SERIES,"Series 02 Part 02: Tribune negatives, items 0051-0100, 1974-1977",1045556,110369195,1974-1977,1974-01-01 00:00:00,1977-12-31 00:00:00,1334 negatives,http://archival.sl.nsw.gov.au/Details/archive/110369195,http://archival.sl.nsw.gov.au/Details/archive/110037137,50,,
ON 160/Items 0101-0150,02,03,SERIES,"Series 02 Part 03: Tribune negatives, items 0101-0150, 1974-1977",1045557,110369261,1974-1977,1974-01-01 00:00:00,1977-12-31 00:00:00,1408 negatives,http://archival.sl.nsw.gov.au/Details/archive/110369261,http://archival.sl.nsw.gov.au/Details/archive/110037137,49,,
ON 160/Items 0151-0200,02,04,SERIES,"Series 02 Part 04: Tribune negatives, items 0151-0200, 1974-1977",1045558,110369351,1974-1977,1974-01-01 00:00:00,1977-12-31 00:00:00,1009 negatives,http://archival.sl.nsw.gov.au/Details/archive/110369351,http://archival.sl.nsw.gov.au/Details/archive/110037137,43,,
ON 160/Items 0201-0250,02,05,SERIES,"Series 02 Part 05: Tribune negatives, items 0201-0250, 1974-1977",1045559,110369404,1974-1977,1974-01-01 00:00:00,1977-12-31 00:00:00,1054 negatives,http://archival.sl.nsw.gov.au/Details/archive/110369404,http://archival.sl.nsw.gov.au/Details/archive/110037137,49,,
ON 160/Items 0251-0298,02,06,SERIES,"Series 02 Part 06: Tribune negatives, items 0251-0298, 1974-1977",1045560,110369472,1974-1977,1974-01-01 00:00:00,1977-12-31 00:00:00,1302 negatives,http://archival.sl.nsw.gov.au/Details/archive/110369472,http://archival.sl.nsw.gov.au/Details/archive/110037137,47,,
ON 160/Items 0301-0350,03,01,SERIES,"Series 03 Part 01: Tribune negatives, items 0301-0350, 1978-1990",1045567,110369529,1978-1990,1978-01-01 00:00:00,1990-12-31 00:00:00,1296 negatives,http://archival.sl.nsw.gov.au/Details/archive/110369529,http://archival.sl.nsw.gov.au/Details/archive/110037137,47,,
ON 160/Items 0351-0400,03,02,SERIES,"Series 03 Part 02: Tribune negatives, items 0351-0400, 1978-1990",1045568,110369583,1978-1990,1978-01-01 00:00:00,1990-12-31 00:00:00,1582 negatives,http://archival.sl.nsw.gov.au/Details/archive/110369583,http://archival.sl.nsw.gov.au/Details/archive/110037137,48,,
ON 160/Items 0401-0450,03,03,SERIES,"Series 03 Part 03: Tribune negatives, items 0401-0450, 1978-1990",1045569,110369617,1978-1990,1978-01-01 00:00:00,1990-12-31 00:00:00,1435 negatives,http://archival.sl.nsw.gov.au/Details/archive/110369617,http://archival.sl.nsw.gov.au/Details/archive/110037137,50,,
ON 160/Items 0451-0500,03,04,SERIES,"Series 03 Part 04: Tribune negatives, items 0451-0500, 1978-1990",1045570,110369618,1978-1990,1978-01-01 00:00:00,1990-12-31 00:00:00,1557 negatives,http://archival.sl.nsw.gov.au/Details/archive/110369618,http://archival.sl.nsw.gov.au/Details/archive/110037137,49,,
ON 160/Items 0501-0550,03,05,SERIES,"Series 03 Part 05: Tribune negatives, items 0501-0550, 1978-1990",1045571,110369619,1978-1990,1978-01-01 00:00:00,1990-12-31 00:00:00,1622 negatives,http://archival.sl.nsw.gov.au/Details/archive/110369619,http://archival.sl.nsw.gov.au/Details/archive/110037137,48,,
ON 160/Items 0551-0600,03,06,SERIES,"Series 03 Part 06: Tribune negatives, items 0551-0600, 1978-1990",1045572,110369620,1978-1990,1978-01-01 00:00:00,1990-12-31 00:00:00,1767 negatives,http://archival.sl.nsw.gov.au/Details/archive/110369620,http://archival.sl.nsw.gov.au/Details/archive/110037137,49,,
ON 160/Items 0601-0650,03,07,SERIES,"Series 03 Part 07: Tribune negatives, items 0601-0650, 1978-1990",1045573,110369621,1978-1990,1978-01-01 00:00:00,1990-12-31 00:00:00,1883 negatives,http://archival.sl.nsw.gov.au/Details/archive/110369621,http://archival.sl.nsw.gov.au/Details/archive/110037137,50,,
ON 160/Items 0651-0700,03,08,SERIES,"Series 03 Part 08: Tribune negatives, items 0651-0700, 1978-1990",1045574,110369622,1978-1990,1978-01-01 00:00:00,1990-12-31 00:00:00,1631 negatives,http://archival.sl.nsw.gov.au/Details/archive/110369622,http://archival.sl.nsw.gov.au/Details/archive/110037137,53,,
ON 160/Items 0701-0750,03,09,SERIES,"Series 03 Part 09: Tribune negatives, items 0701-0750, 1978-1990",1045576,110369624,1978-1990,1978-01-01 00:00:00,1990-12-31 00:00:00,1226 negatives,http://archival.sl.nsw.gov.au/Details/archive/110369624,http://archival.sl.nsw.gov.au/Details/archive/110037137,49,,
ON 160/Items 0751-0800,03,10,SERIES,"Series 03 Part 10: Tribune negatives, items 0751-0800, 1978-1990",1045577,110369625,1978-1990,1978-01-01 00:00:00,1990-12-31 00:00:00,926 negatives,http://archival.sl.nsw.gov.au/Details/archive/110369625,http://archival.sl.nsw.gov.au/Details/archive/110037137,30,,
ON 160/Items 0801-0850,03,11,SERIES,"Series 03 Part 11: Tribune negatives, items 0801-0850, 1978-1990",1045578,110369626,1978-1990,1978-01-01 00:00:00,1990-12-31 00:00:00,1868 negatives,http://archival.sl.nsw.gov.au/Details/archive/110369626,http://archival.sl.nsw.gov.au/Details/archive/110037137,54,,
ON 160/Items 0851-0900,03,12,SERIES,"Series 03 Part 12: Tribune negatives, items 0851-0900, 1978-1990",1045579,110369627,1978-1990,1978-01-01 00:00:00,1990-12-31 00:00:00,1748 negatives,http://archival.sl.nsw.gov.au/Details/archive/110369627,http://archival.sl.nsw.gov.au/Details/archive/110037137,49,,
ON 160/Items 0901-0950,03,13,SERIES,"Series 03 Part 13: Tribune negatives, items 0901-0950, 1978-1990",1045580,110369628,1978-1990,1978-01-01 00:00:00,1990-12-31 00:00:00,1649 negatives,http://archival.sl.nsw.gov.au/Details/archive/110369628,http://archival.sl.nsw.gov.au/Details/archive/110037137,48,,
ON 160/Items 0951-1000,03,14,SERIES,"Series 03 Part 14: Tribune negatives, items 0951-1000, 1978-1990",1045581,110369629,1978-1990,1978-01-01 00:00:00,1990-12-31 00:00:00,1701 negatives,http://archival.sl.nsw.gov.au/Details/archive/110369629,http://archival.sl.nsw.gov.au/Details/archive/110037137,46,,
ON 160/Items 1001-1050,03,15,SERIES,"Series 03 Part 15: Tribune negatives, items 1001-1050, 1978-1990",1045582,110369630,1978-1990,1978-01-01 00:00:00,1990-12-31 00:00:00,1789 negatives,http://archival.sl.nsw.gov.au/Details/archive/110369630,http://archival.sl.nsw.gov.au/Details/archive/110037137,51,,
ON 160/Items 1051-1100,03,16,SERIES,"Series 03 Part 16: Tribune negatives, items 1051-1100, 1978-1990",1045583,110369631,1978-1990,1978-01-01 00:00:00,1990-12-31 00:00:00,1151 negatives,http://archival.sl.nsw.gov.au/Details/archive/110369631,http://archival.sl.nsw.gov.au/Details/archive/110037137,58,,
ON 160/Items 1101-1137,03,17,SERIES,"Series 03 Part 17: Tribune negatives, items 1101-1137, 1978-1990",1045585,110369633,1978-1990,1978-01-01 00:00:00,1990-12-31 00:00:00,38 negatives,http://archival.sl.nsw.gov.au/Details/archive/110369633,http://archival.sl.nsw.gov.au/Details/archive/110037137,37,,
ON 162,04,,SERIES,"Series 04: Miscellaneous negatives from the Tribune (Communist Party of Australia newspaper) featuring social and political movements, chiefly in Sydney, ca. 1970-1988",66055,110043817,ca. 1970-1988,1970-01-01 00:00:00,1988-12-31 00:00:00,Approx. 960 negatives (48 filmstrips),http://archival.sl.nsw.gov.au/Details/archive/110043817,http://archival.sl.nsw.gov.au/Details/archive/110037137,48,Adelaide (S. Aust.)|Melbourne (Vic.)|Sydney (N.S.W.)|Aboriginal peoples (Australians)|anniversaries|Communists|demonstrations|meetings|political rallies|social problems|trade unionists|trade unions|women's rights|Adult Females|Adult Males,"Burchett, Wilfred, 1911-1983|Communist Party of Australia|Dunnet, Brian|Durbridge, Robert Stuart, 1946-2014|Johnston, Elliott, 1918-2011|Marks, Jack|May Day|Paterson, Fred, 1897-1977"
PXA 593/vol. 1,05,,SERIES,"Series 05: Tribune photographs including portraits of Communist Party of Australia members, trade unionists, and other individuals, ca. 1957-1990",1051269,110370324,ca. 1957-1990,1957-01-01 00:00:00,1990-12-31 00:00:00,Approx. 544 photographic prints,http://archival.sl.nsw.gov.au/Details/archive/110370324,http://archival.sl.nsw.gov.au/Details/archive/110037137,0,portraits|trade unionists|trade union officials|women|newspaper sellers|activists|academics|workers|Women communists--Australia.|Adult Females|Adult Males,
PXA 593/vol. 2,06,,SERIES,"Series 06: Tribune photographs including group portraits of Communist Party of Australia members and other individuals, and photographs of demonstrations and marches, ca. 1941-1990",52988,110037146,ca. 1941 - 1990,1941-01-01 00:00:00,1990-12-31 00:00:00,Approx. 165 photographic prints,http://archival.sl.nsw.gov.au/Details/archive/110037146,http://archival.sl.nsw.gov.au/Details/archive/110037137,0,demonstrations|groups (people)|meetings|singers|actors|authors|book launches|Aboriginal peoples (Australians)|activists|Asian peoples|workers|trade union officials|trade unionists|women|conventions|Adult Females|Adult Males,
PXA 593/vol. 3,07,,SERIES,"Series 07: Tribune photographs including Tribune sellers and readers, production of Tribune newspaper, and fairs and festivals, ca. 1946-1991",52989,110037147,ca. 1946-1991,1946-01-01 00:00:00,1991-12-31 00:00:00,242 photographic prints,http://archival.sl.nsw.gov.au/Details/archive/110037147,http://archival.sl.nsw.gov.au/Details/archive/110037137,0,"fetes|newspapers|newspaper sellers|printing presses|demonstrations|stalls|Koreans|South Africans|festivals, celebrations etc.|Adult Females|Adult Males",
PXA 593/vol. 4,08,,SERIES,"Series 08: Tribune photographs including speakers and performers at Communist Party of Australia Special Congress 1984, and Tribune Fair, 1984",52990,110037148,1984,1984-01-01 00:00:00,1984-12-31 00:00:00,19 photographs,http://archival.sl.nsw.gov.au/Details/archive/110037148,http://archival.sl.nsw.gov.au/Details/archive/110037137,0,conventions|stalls (merchandise)|choirs|musicians|performers|Adult Females|Adult Males,"Gay Liberation Quire|Carmichael, Laurie"
PXA 593/vol. 5,09,,SERIES,"Series 09: Tribune photographs including Communist Party of Australia congresses and conferences, meetings, and bookshops, ca. 1970-1990",52992,110037150,ca. 1970-1990,1970-01-01 00:00:00,1990-12-31 00:00:00,110 photographic prints,http://archival.sl.nsw.gov.au/Details/archive/110037150,http://archival.sl.nsw.gov.au/Details/archive/110037137,0,"meetings|rallies|conventions|audiences|bookshops|performers|Chinese peoples|festivals, celebrations etc.|tree planting ceremonies|musicians|openings (events)|trade unionists|Women communists--Australia.|Adult Females|Adult Males",Gay Liberation Quire
PXA 593/vol. 6,10,,SERIES,"Series 10: Tribune photographs including anti-Budget rallies in Sydney, Canberra, and Melbourne, and various protests and rallies, ca. 1970-1986",52994,110037152,ca. 1970-1986,1970-01-01 00:00:00,1986-12-31 00:00:00,47 photographs,http://archival.sl.nsw.gov.au/Details/archive/110037152,http://archival.sl.nsw.gov.au/Details/archive/110037137,0,demonstrations|posters & placards|rallies|trade unionists|crowds|banners|demonstrators (political)|university students|pensioners|arrests|police|Demonstrations--Australia.,
PXA 593/vol. 7,11,,SERIES,"Series 11: Tribune photographs including lock-in at Union Carbide, Victoria, 1979 ; strike at Tooheys Brewery, Sydney, 1980 ; various industrial disputes ; and metalworkers activities, ca. 1970-1990",52995,110037153,ca. 1970-1990,1970-01-01 00:00:00,1990-12-31 00:00:00,74 photographic prints,http://archival.sl.nsw.gov.au/Details/archive/110037153,http://archival.sl.nsw.gov.au/Details/archive/110037137,0,demonstrations|meetings|metalworkers|trade unionists|rallies|strikes|posters & placards|trade unions|women|workers|trade union officials|pickets|Strikes and lockouts--Australia|Demonstrations--Australia.,
PXA 593/vol. 8,12,,SERIES,"Series 12: Tribune photographs including nurses and health workers demonstrations, rallies, and stop-work meetings, ca. 1976-1986",52996,110037154,ca. 1976-1986,1976-01-01 00:00:00,1986-12-31 00:00:00,49 photographs,http://archival.sl.nsw.gov.au/Details/archive/110037154,http://archival.sl.nsw.gov.au/Details/archive/110037137,0,demonstrations|meetings|nurses|trade unionists|posters & placards|health workers|psychiatric nurses|rallies|hospital personnel|workers|trade union officials|women|Nurses--Australia.|Demonstrations--Australia.,
PXA 593/vol. 9,13,,SERIES,"Series 13: Tribune photographs including Builders Labourers Federation and Building Workers Industrial Union of Australia demonstrations, and other union activities, ca. 1973-1989",52997,110037155,ca. 1973-1989,1973-01-01 00:00:00,1989-12-31 00:00:00,73 photographs,http://archival.sl.nsw.gov.au/Details/archive/110037155,http://archival.sl.nsw.gov.au/Details/archive/110037137,0,building labourers|demonstrations|meetings|trade unionists|rallies|workers|posters & placards|trade union officials|trade unions|banners|police|flags|pickets|Demonstrations--Australia.|Labor unions--Australia.,Building Workers' Industrial Union of Australia.|Australian Building Construction Employees' and Builders' Labourers' Federation.
PXA 593/vol. 10,14,,SERIES,"Series 14: Tribune photographs including demonstrations and strikes by coalminers, and mining union activities, ca. 1970-1987",52998,110037156,ca. 1970-1987,1970-01-01 00:00:00,1987-12-31 00:00:00,72 photographs,http://archival.sl.nsw.gov.au/Details/archive/110037156,http://archival.sl.nsw.gov.au/Details/archive/110037137,0,"South Clifton Colliery (N.S.W.)|Nebo Colliery (N.S.W.)|Australian Iron and Steel (Port Kembla, N.S.W.)|coalminers|demonstrations|meetings|trade unionists|rallies|posters & placards|miners|trade union officials|rescues|banners|coalmines|strikes|Wollongong Region (N.S.W.)--Kemira Strike, 1982.|Demonstrations--Australia.|Strikes and lockouts--Coal mining--New South Wales.|Miners--Australia.",
PXA 593/vol. 11,15,,SERIES,"Series 15: Tribune photographs of Plumbers & Gasfitters Employees Union of Australia activities, 1983-1988",53000,110037158,1983-1988,1983-01-01 00:00:00,1988-12-31 00:00:00,6 photographs,http://archival.sl.nsw.gov.au/Details/archive/110037158,http://archival.sl.nsw.gov.au/Details/archive/110037137,0,demonstrations|plumbers|trade unionists|banners,Plumbers and Gasfitters Employees' Union of Australia
PXA 593/vol. 12,16,,SERIES,"Series 16: Tribune photographs including car industry unions demonstrations and pickets, ca. 1970-1987",53001,110037159,ca. 1970-1987,1970-01-01 00:00:00,1987-12-31 00:00:00,22 photographs,http://archival.sl.nsw.gov.au/Details/archive/110037159,http://archival.sl.nsw.gov.au/Details/archive/110037137,0,"General Motors-Holden's Pty Ltd (Bunnerong Road, Pagewood, N.S.W.)|General Motors-Holden's Pty Ltd (Woodville, S. Aust.)|General Motors-Holden's Pty Ltd (Fishermans Bend, Vic.)|demonstrations|motor vehicle factories|trade unionists|meetings|workers|posters & placards|pickets|Strikes and lockouts--Australia|Motor vehicle industry--Australia.|Demonstrations--Australia.",
PXA 593/vol. 13,17,,SERIES,"Series 17: Tribune photographs including power workers demonstrations and union activities, ca. 1977-1986",53002,110037160,ca. 1977-1986,1977-01-01 00:00:00,1986-12-31 00:00:00,12 photographs,http://archival.sl.nsw.gov.au/Details/archive/110037160,http://archival.sl.nsw.gov.au/Details/archive/110037137,0,demonstrations|meetings|trade unionists|workers|rallies|posters & placards|trade union officials|strikes,
PXA 593/vol. 14,18,,SERIES,"Series 18: Tribune photographs including Printing and Kindred Industries Union activities, Australian Paper Manufacturers workers, strikes at John Fairfax Ltd, and printing and paper workers union activities, ca. 1967-1985",53003,110037161,ca. 1967-1985,1967-01-01 00:00:00,1985-12-31 00:00:00,17 photographic prints,http://archival.sl.nsw.gov.au/Details/archive/110037161,http://archival.sl.nsw.gov.au/Details/archive/110037137,0,demonstrations|meetings|newspapers|printers (people)|trade unionists|posters & placards|strikes|workers|pickets|trade union officials|trade unions|journalists|Strikes and lockouts--Australia,Printing and Kindred Industries Union
PXA 593/vol. 15,19,,SERIES,"Series 19: Tribune photographs including industrial action by Telecom workers, postal disputes, and other union activities, ca. 1978-1986",53004,110037162,1978-1986,1978-01-01 00:00:00,1986-12-31 00:00:00,12 photographic prints,http://archival.sl.nsw.gov.au/Details/archive/110037162,http://archival.sl.nsw.gov.au/Details/archive/110037137,0,demonstrations|meetings|postal workers|trade unionists|audiences|trade union officials|trade unions|posters & placards|communication workers|Demonstrations--Australia.|Strikes and lockouts--Australia,
PXA 593/vol. 16,20,,SERIES,"Series 20: Tribune photographs including wharf labourers, dockers, shipbuilding, and seamen's unions' activities, ca. 1967-1989",53005,110037163,ca. 1967-1989,1967-01-01 00:00:00,1989-12-31 00:00:00,109 photographic prints,http://archival.sl.nsw.gov.au/Details/archive/110037163,http://archival.sl.nsw.gov.au/Details/archive/110037137,0,Cockatoo Island (N.S.W.)|demonstrations|meetings|shipwrights|trade unionists|wharf labourers|audiences|posters & placards|pickets|workers|banners|jetties & wharves|container wharves|trade unions|ships|Demonstrations--Australia.|Strikes and lockouts--Australia,Seamen's Union of Australia
PXA 593/vol. 17,21,,SERIES,"Series 21: Tribune photographs including firefighters union activities, ca. 1981-1987",53006,110037164,ca. 1981-1987,1981-01-01 00:00:00,1987-12-31 00:00:00,4 photographs,http://archival.sl.nsw.gov.au/Details/archive/110037164,http://archival.sl.nsw.gov.au/Details/archive/110037137,0,demonstrations|firefighters|trade unionists|posters & placards|strikes,
PXA 593/vol. 18,22,,SERIES,"Series 22: Tribune photographs including Commonwealth Engineering (Comeng) and Government Aircraft Factories labour disputes, and steelworkers and metalworkers union activities, ca. 1967-1990",53007,110037165,ca. 1967-1990,1967-01-01 00:00:00,1990-12-31 00:00:00,80 photographic prints,http://archival.sl.nsw.gov.au/Details/archive/110037165,http://archival.sl.nsw.gov.au/Details/archive/110037137,0,demonstrations|meetings|metalworkers|trade unionists|rallies|iron & steel industry|iron & steel works|posters & placards|trade union officials|trade unions|workers|pickets|Strikes and lockouts--Australia,
PXA 593/vol. 19,23,,SERIES,"Series 23: Tribune photographs including activities of miners unions, ca. 1954-1984",53008,110037166,ca. 1954-1984,1954-01-01 00:00:00,1984-12-31 00:00:00,10 photographic prints,http://archival.sl.nsw.gov.au/Details/archive/110037166,http://archival.sl.nsw.gov.au/Details/archive/110037137,0,demonstrations|meetings|miners|trade unionists|pickets|workers|trade unions|Miners--Australia.,Miners' Federation
PXA 593/vol. 20,24,,SERIES,"Series 24: Tribune photographs including tram and bus workers union activities, ca. 1970-1990",53009,110037167,ca. 1970-1990,1970-01-01 00:00:00,1990-12-31 00:00:00,16 photographs,http://archival.sl.nsw.gov.au/Details/archive/110037167,http://archival.sl.nsw.gov.au/Details/archive/110037137,0,"Bourke Street (Melbourne, Vic.)|bus drivers|trade unionists|tram conductors|trams|posters & placards|double-decker buses",
PXA 593/vol. 21,25,,SERIES,"Series 25: Tribune photographs including Australian Journalists Association activities, ca. 1980",53011,110037170,ca. 1980,1980-01-01 00:00:00,1980-12-31 00:00:00,2 photographic prints,http://archival.sl.nsw.gov.au/Details/archive/110037170,http://archival.sl.nsw.gov.au/Details/archive/110037137,0,demonstrations|journalists|trade unionists|newspaper sellers|pickets,
PXA 593/vol. 22,26,,SERIES,"Series 26: Tribune photographs including protests against extended trading hours, and shop assistants union activities, 1977-1988",53012,110037171,1977-1988,1977-01-01 00:00:00,1988-12-31 00:00:00,11 photographic prints,http://archival.sl.nsw.gov.au/Details/archive/110037171,http://archival.sl.nsw.gov.au/Details/archive/110037137,0,demonstrations|shop assistants|trade unionists|posters & placards|women|rallies,
PXA 593/vol. 23,27,,SERIES,"Series 27: Tribune photographs including Australian Railways Union labour disputes, and railway workers union activities, ca. 1970-1985",53013,110037172,ca. 1970-1985,1970-01-01 00:00:00,1985-12-31 00:00:00,54 photographs,http://archival.sl.nsw.gov.au/Details/archive/110037172,http://archival.sl.nsw.gov.au/Details/archive/110037137,0,Chullora Railway Workshops (N.S.W.)|Cooks River Goods Yard (N.S.W.)|interiors|demonstrations|meetings|railway workers|trade unionists|rallies|posters & placards|workshops|trade unions|trade union officials|railway yards|railway accidents|Demonstrations--Australia.,Australian Railways Union
PXA 593/vol. 24,28,,SERIES,"Series 28: Tribune photographs including Public Service Association of New South Wales, Administrative and Clerical Officers' Association (Australia), and Australian Public Service Association (Fourth Division Officers) demonstrations, meetings, and strikes, and other union activities, ca. 1977-1989",53014,110037173,ca. 1977-1989,1977-01-01 00:00:00,1989-12-31 00:00:00,35 photographs,http://archival.sl.nsw.gov.au/Details/archive/110037173,http://archival.sl.nsw.gov.au/Details/archive/110037137,0,demonstrations|meetings|public servants|trade unionists|rallies|posters & placards|strikes|trade unions|trade union officials|Demonstrations--Australia.|Strikes and lockouts--Australia,Public Service Association of New South Wales|Administrative and Clerical Officers' Association (Australia)|Australian Public Service Association (Fourth Division Officers)
PXA 593/vol. 25,29,,SERIES,"Series 29: Tribune photographs including N.S.W. Teachers' Federation demonstrations and meetings, and teachers union activities ca. 1967-1990",53015,110037174,ca. 1967-1990,1967-01-01 00:00:00,1990-12-31 00:00:00,32 photographs,http://archival.sl.nsw.gov.au/Details/archive/110037174,http://archival.sl.nsw.gov.au/Details/archive/110037137,0,demonstrations|meetings|teachers|trade unionists|trade unions|trade union officials|rallies|high school students|audiences|Demonstrations--Australia.|Teachers' unions--New South Wales,N.S.W. Teachers' Federation
PXA 593/vol. 26,30,,SERIES,"Series 30: Tribune photographs of woolstore workers picket at Yennora, New South Wales, 1980, and farmers protest, Parliament House, Sydney, New South Wales, 1984",53016,110037175,1980 and 1984,1980-01-01 00:00:00,1984-12-31 00:00:00,3 photographs,http://archival.sl.nsw.gov.au/Details/archive/110037175,http://archival.sl.nsw.gov.au/Details/archive/110037137,0,demonstrations|trade unionists|storemen|workers|pickets|farmers,
PXA 593/vol. 27,31,,SERIES,"Series 31: Tribune photographs including university student demonstrations and strikes, ca. 1976-1989",53017,110037176,ca. 1976-1989,1976-01-01 00:00:00,1989-12-31 00:00:00,22 photographs,http://archival.sl.nsw.gov.au/Details/archive/110037176,http://archival.sl.nsw.gov.au/Details/archive/110037137,0,demonstrations|meetings|university students|posters & placards|rallies|Demonstrations--Australia.,
PXA 593/vol. 28,32,,SERIES,"Series 32: Tribune photographs including portraits of trade unionists, Communist Party of Australia members, and other individuals, ca. 1957-1987",53018,110037177,ca. 1957-1987,1957-01-01 00:00:00,1987-12-31 00:00:00,136 photographs,http://archival.sl.nsw.gov.au/Details/archive/110037177,http://archival.sl.nsw.gov.au/Details/archive/110037137,0,trade unionists|trade union officials|portraits|miners|trade unions|activists|Communists|Labor unions--Australia--Officials and employees|Adult Females|Adult Males,"Waterside Workers' Federation of Australia|Clancy, Pat, 1919-1987|Carmichael, Laurie|Building Workers' Industrial Union of Australia.|Hall, Harry, 1924-2013|Amalgamated Metal Workers and Shipwrights' Union (Australia)"
PXA 593/vol. 29,33,,SERIES,"Series 33: Tribune photographs including anti-nuclear warship demonstrations, nuclear disarmament rallies, anti-uranium mining protests, and demonstrations against the Gulf War, ca. 1977-1991",53019,110037178,ca. 1977-1991,1977-01-01 00:00:00,1991-12-31 00:00:00,113 photographs,http://archival.sl.nsw.gov.au/Details/archive/110037178,http://archival.sl.nsw.gov.au/Details/archive/110037137,0,"Sydney Harbour (N.S.W.)|demonstrations|disarmament|warships|posters & placards|destroyers|rallies|water police|graffiti|police|sailing boats|Antinuclear movement--Australia.|Anti-war demonstrations--Australia.|Demonstrations--Australia.|Persian Gulf War, 1991--Protest movements--Australia.","Sydney Peace Squadron|People for Nuclear Disarmament (N.S.W.)|Murphy, Peter"
PXA 593 (v.30),34,,SERIES,Series 34: The Tribune (Communist Party of Australia newspaper) featuring nuclear disarmament marches 1969-1990,53020,110037179,1969-1990,1969-01-01 00:00:00,1990-12-31 00:00:00,Photographs,http://archival.sl.nsw.gov.au/Details/archive/110037179,http://archival.sl.nsw.gov.au/Details/archive/110037137,0,demonstrations|disarmament|Adult Females|Adult Males,Communist Party of Australia
PXA 593 (v.31),35,,SERIES,Series 35: The Tribune (Communist Party of Australia newspaper) featuring Palm Sunday marches 1978-1991,53023,110037182,1978-1991,1978-01-01 00:00:00,1991-12-31 00:00:00,Photographs,http://archival.sl.nsw.gov.au/Details/archive/110037182,http://archival.sl.nsw.gov.au/Details/archive/110037137,0,demonstrations|disarmament|Adult Females|Adult Males,Communist Party of Australia
PXA 593 (v.32),36,,SERIES,Series 36: The Tribune (Communist Party of Australia newspaper) featuring anti bases protests including Pine Gap 1983-1989,53024,110037183,1983-1989,1983-01-01 00:00:00,1989-12-31 00:00:00,Photographs,http://archival.sl.nsw.gov.au/Details/archive/110037183,http://archival.sl.nsw.gov.au/Details/archive/110037137,0,demonstrations|disarmament|Adult Females|Adult Males,Communist Party of Australia
PXA 593 (v.33),37,,SERIES,Series 37: The Tribune (Communist Party of Australia newspaper) featuring anti uranium demonstrations including the Roxby blockade 1971-1986,53025,110037184,1971-1986,1971-01-01 00:00:00,1986-12-31 00:00:00,Photographs,http://archival.sl.nsw.gov.au/Details/archive/110037184,http://archival.sl.nsw.gov.au/Details/archive/110037137,0,demonstrations|disarmament|Adult Females|Adult Males,Communist Party of Australia
PXA 593 (v.34),38,,SERIES,Series 38: The Tribune (Communist Party of Australia newspaper) featuring party members and party activities 1885-1945,53027,110037186,1885-1945,1885-01-01 00:00:00,1945-12-31 00:00:00,Photographs,http://archival.sl.nsw.gov.au/Details/archive/110037186,http://archival.sl.nsw.gov.au/Details/archive/110037137,0,"anniversaries|cartoons|Communists|festivals, celebrations etc.|meetings|political parties|trade unionists|working conditions|Adult Females|Adult Males",Communist Party of Australia|Labour Day|May Day
PXA 593 (v.35),39,,SERIES,Series 39: The Tribune (Communist Party of Australia newspaper) featuring party members and party activities 1954-1969,53028,110037187,1954-1969,1954-01-01 00:00:00,1969-12-31 00:00:00,Photographs,http://archival.sl.nsw.gov.au/Details/archive/110037187,http://archival.sl.nsw.gov.au/Details/archive/110037137,0,Communists|demonstrations|meetings|officials|political parties|Adult Females|Adult Males,Communist Party of Australia
PXA 593 (v.36),40,,SERIES,Series 40: The Tribune (Communist Party of Australia newspaper) featuring party members and party activities 1970-1979,53029,110037188,1970-1979,1970-01-01 00:00:00,1979-12-31 00:00:00,Photographs,http://archival.sl.nsw.gov.au/Details/archive/110037188,http://archival.sl.nsw.gov.au/Details/archive/110037137,0,anniversaries|Communists|demonstrations|meetings|officials|political parties|Adult Females|Adult Males,Communist Party of Australia|May Day
PXA 593 (v.37),41,,SERIES,Series 41: The Tribune (Communist Party of Australia newspaper) featuring party members and party activities 1980-1989,53030,110037189,1980-1989,1980-01-01 00:00:00,1989-12-31 00:00:00,Photographs,http://archival.sl.nsw.gov.au/Details/archive/110037189,http://archival.sl.nsw.gov.au/Details/archive/110037137,0,anniversaries|Communists|demonstrations|meetings|officials|political parties|Adult Females|Adult Males,Communist Party of Australia|May Day
PXA 593 (v.38),42,,SERIES,Series 42: The Tribune (Communist Party of Australia newspaper) featuring Jim Healy's funeral 1961,53031,110037190,1961,1961-01-01 00:00:00,1961-12-31 00:00:00,Photographs,http://archival.sl.nsw.gov.au/Details/archive/110037190,http://archival.sl.nsw.gov.au/Details/archive/110037137,0,funeral processions|funerals|Adult Females|Adult Males,"Healy, Jim, 1898-1961"
PXA 593 (v.39),43,,SERIES,Series 43: The Tribune (Communist Party of Australia newspaper) featuring a history conference in Melbourne 1980,53049,110037208,1980,1980-01-01 00:00:00,1980-12-31 00:00:00,Photographs,http://archival.sl.nsw.gov.au/Details/archive/110037208,http://archival.sl.nsw.gov.au/Details/archive/110037137,0,conventions|Adult Females|Adult Males,Communist Party of Australia
PXA 593 (v.40),44,,SERIES,Series 44: The Tribune (Communist Party of Australia newspaper) featuring party members and party activities,53050,110037209,,1900-01-01 00:00:00,1900-01-01 00:00:00,Photographs,http://archival.sl.nsw.gov.au/Details/archive/110037209,http://archival.sl.nsw.gov.au/Details/archive/110037137,0,demonstrations|meetings|Adult Females|Adult Males,Communist Party of Australia
PXA 593 (v.41),45,,SERIES,Series 45: The Tribune (Communist Party of Australia newspaper) miscellaneous manuscript material and typescript,66056,110043818,,1900-01-01 00:00:00,1900-01-01 00:00:00,Textual Records,http://archival.sl.nsw.gov.au/Details/archive/110043818,http://archival.sl.nsw.gov.au/Details/archive/110037137,0,Adult Females|Adult Males,"Communist Party of Australia|Jones, Billy|Pitt, Marie E. J. (Marie Elizabeth Josephine), 1869-1948|Yolkin, Pavel, 1896-"
